index,placeholder,stec3proba_elastic_modulus,stec3proba_poisson_ratio,silcon_etc_poisson_ratio,silcon_etc_compressive_strength,time_time_step,timeprint_time_step,loc_x,loc_y,stec3proba_k_y_uncertainty,stec3proba_yield_strength,path_destination_directories,load_sought
0,0,200000000000.0,0.3,0.2,50000000.0,10,10,-0.001477222,0.0,0.0,350000000.0,C:\safirpy_test\0\0,-11394531.25
1,0,200000000000.0,0.3,0.2,50000000.0,10,10,-0.001477222,0.0,0.6506068000345144,266666667.43821827,C:\safirpy_test\0\1,-11171875.0
2,0,200000000000.0,0.3,0.2,50000000.0,10,10,-0.001477222,0.0,0.32102918141303016,433333332.56178176,C:\safirpy_test\0\2,-11781250.0
3,0,200000000000.0,0.3,0.2,50000000.0,10,10,-0.001477222,0.0,0.999,599999999.9998817,C:\safirpy_test\0\3,-12601562.5
4,0,200000000000.0,0.3,0.2,50000000.0,10,10,-0.001477222,0.0,-0.999,99999999.99997914,C:\safirpy_test\0\4,-10457031.25
5,0,200000000000.0,0.3,0.2,50000000.0,10,10,-0.001477222,0.0,-0.6506068000345144,516666665.7019889,C:\safirpy_test\0\5,-11828125.0
6,0,200000000000.0,0.3,0.2,50000000.0,10,10,-0.001477222,0.0,-0.32102918141303016,183333334.29773283,C:\safirpy_test\0\6,-10773437.5
